hospital_id,hospital_name,city,region,bed_capacity
1,Ramsey Ltd,Ramirezmouth,South,294
2,"Kirk, Graham and Daniel",Nathanbury,North,301
3,Anderson and Sons,Port Raystad,West,131
4,"Johnson, Graves and Salinas",Hahnberg,North,426
5,Ross-Daniels,North Codyport,North,168
6,Flores-Stout,Debraton,East,74
7,Casey Ltd,North John,West,497
8,Lyons PLC,Port Rebeccaberg,North,299
9,Brown-Mcclure,North Elizabethberg,West,96
10,"Thompson, Wilson and Pearson",Port Erikatown,North,250
